Razón Social;Marca;Importe;Fecha;Provincia;CC.AA.;CIF;Sitio web;Sector;Tamaño de la empresa;Sede;Tipo;Dirección;Constitución;CNAE;SIC;Twitter_90d;Twitter_90d_enisa
LETS COOK, S.L.;Let's cook;50.000,00 €;04/02/2021;Barcelona;Cataluña;B67476051;;;;;;PASEO SANT JOAN, 93 1 PTA.2.  08009, BARCELONA, BARCELONA    ;1 año, 8 meses y 4 dias;4617  Intermediarios del comercio de productos alimenticios, bebidas y tabaco;5149 COMESTIBLES Y PRODUCTOS RELACIONADOS SC;501.0;
MEEP MOBILITY, S.L.;gomeep;68.000,00 €;04/02/2021;Barcelona;Cataluña;B67428623;https://gomeep.com;Servicio al consumidor;2-10 empleados;Barcelona, Catalonia;De financiación privada;CALLE RAMON TURRO, 295.  08019, BARCELONA, BARCELONA    ;1 año, 10 meses y 23 dias;7711  Alquiler de automóviles y vehí­culos de motor ligeros;7512 Alquiler de automóviles de turismo sin conductor;;
BYTELAB SOLUTIONS, S.L.;NEXTMOL;44.000,00 €;04/02/2021;Barcelona;Cataluña;B67405589;https://www.nextmol.com/;Servicios y tecnologías de la información;2-10 empleados;Barcelona, Catalonia;De financiación privada;CALLE ROC BORONAT, 117 2.  08018, BARCELONA, BARCELONA    ;1 año, 11 meses y 30 dias;6201  Actividades de programación informática;7372 Programación de ordenadores y software;10.0;
THE NEEDO, S.L.;THE NEEDO;33.000,00 €;25/01/2021;Madrid;Madrid, Comunidad de;B81363475;;;;;;PL. CERVANTES, 25 1º.  28801, ALCALA DE HENARES, MADRID    ;25 años, 2 meses y 9 dias;6920  Actividades de contabilidad, teneduría de libros, auditoría y asesoría fiscal;7392 ASESORÍA Y RELACIONES PÚBLICAS DE EMPRESAS;241.0;2.0
INHIBITEC ANTICUERPOS, S.L.;INHIBITEC;65.000,00 €;22/01/2021;Cantabria;Cantabria;B39875489;;;;;;PLAZA VELARDE, 5 CLUB CAMARA DE COMERCIO.  39001, SANTANDER, CANTABRIA    ;2 años y 23 dias;7211  Investigación y desarrollo experimental en biotecnología;;16.0;
VIRTUAL WEB AGROFRAME, S.L.;ENCANTADO DE COMERTE;67.000,00 €;22/01/2021;Zaragoza;Aragón;B99537706;;;;;;CALLE PAMPLONA ESCUDERO, 18 1º A.  50005, ZARAGOZA, ZARAGOZA   ;2 años, 2 meses y 20 dias;4617  Intermediarios del comercio de productos alimenticios, bebidas y tabaco;5149 COMESTIBLES Y PRODUCTOS RELACIONADOS SC;103.0;2.0
THE WAKE UP MOVEMENT, S.L.;The Wum;68.000,00 €;22/01/2021;Madrid;Madrid, Comunidad de;B88511373;;;;;;CALLE PRINCIPE DE VERGARA, 211 PISO 6 º PUERTA C.  28002, MADRID, MADRID    ;1 año, 4 meses y 30 dias;7311  Agencias de publicidad;5999 DETALLISTAS DIVERSOS SC;447.0;
HERIS MEDTECH, S.L.;Heris;67.000,00 €;14/01/2021;Madrid;Madrid, Comunidad de;B88583406;https://heris.io;Sanidad, bienestar y ejercicio;2-10 empleados;Madrid, Comunidad de Madrid;De financiación privada;PLAZA REYES MAGOS, 8 , 6 ºB.  28007, MADRID, MADRID    ;1 año, 1 mes y 28 dias;6202  Actividades de consultoría informática;7379 Servicios relacionados con computación SC;501.0;
HINSOMNIA GLOBAL, S.L.;Hinsomnia;68.000,00 €;07/01/2021;Madrid;Madrid, Comunidad de;B88531736;http://www.hinsomnia.com;Sector textil;2-10 empleados;Madrid, Madrid;Autónomo;PASEO SAN FRANCISCO DE SALES, 41 0 2.  28003, MADRID, MADRID    ;1 año, 4 meses y 6 dias;4751  Comercio al por menor de textiles en establecimientos especializados;2299 Productos textiles sc;9.0;
CULTIPLY, S.L.;CULTIPLY;40.000,00 €;21/12/2020;Sevilla;Andalucía;B90486010;http://www.cultiply.es;Biotecnología;2-10 empleados;La Rinconada, Andalucía;De financiación privada;CALLE CARRETERA BETICA, 163 NAVE C,.  41300, RINCONADA (LA), SEVILLA   ;11 meses y 8 dias;7211  Investigación y desarrollo experimental en biotecnología;;91.0;8.0
TWENIX PLATFORM, S.L.;Twenix;225.000,00 €;04/02/2021;Almería;Andalucía;B04890869;http://www.twenix.es;E-learning;11-50 empleados;Madrid, Comunidad de Madrid;De financiación privada;PL. GUITARRISTA JULIAN ARCAS, 1 1 2 - EDIFICIO B. 04009, ALMERIA, ALMERIA;2 años, 7 meses y 26 dias;8559 Otra educación n.c.o.p.;8299 Escuelas y servicios educativos sc;67.0;13.0
ETHICAL PIECES, S.L.;Mimoke;75.000,00 €;04/02/2021;Barcelona;Cataluña;B67372938;http://mimoke.com;Artículos de lujo y joyas;2-10 empleados;Barcelona, Barcelona;De financiación privada;CALLE ARIBAU, 168 1 PTA.1.  08036, BARCELONA, BARCELONA    ;2 años, 2 meses y 3 dias;4777  Comercio al por menor de artículos de relojería y joyería en establecimientos especializados;5094 Joyería y relojería;1.0;
DAIL SOFTWARE, S.L.;DAIL;100.000,00 €;04/02/2021;Madrid;Madrid, Comunidad de;B86642030;http://www.daily.com;Servicio al consumidor;51-200 empleados;Kochi, Kerela;De financiación privada;C/ UNIVERSIDAD POLITECNICA DE MADRID CAMPUS MONTEGA, .  28660, BOADILLA DEL MONTE, MADRID   ;8 años, 2 meses y 25 dias;6209  Otros servicios relacionados con las tecnologías de la información y la informática;6209  Otros servicios relacionados con las tecnologías de la información y la informática;501.0;
COPY PRINT SERVICIOS DE REPROGRAFIA, S.L.;Copy Print;207.000,00 €;04/02/2021;Madrid;Madrid, Comunidad de;B82072828;http://www.copyprint.ro;Servicio al consumidor;11-50 empleados;Kochi, Kerela;Empresa individual;CALLE DE ACEDINOS, 4.  28946, FUENLABRADA, MADRID    ;22 años, 9 meses y 7 dias;1812  Otras actividades de impresión y artes gráficas;1812  Otras actividades de impresión y artes gráficas;501.0;
COMUNICACIONES GOLBER, S.L.;Noysi;225.000,00 €;04/02/2021;Madrid;Madrid, Comunidad de;B87286209;https://noysi.com;Internet;11-50 empleados;MADRID, MADRID;De financiación privada;CALLE LAS PEDROÑERAS, 2 3º F.  28043, MADRID, MADRID    ;5 años, 10 meses y 22 dias;6190  Otras actividades de telecomunicaciones;4811 Comunicaciones telefónicas;501.0;4.0
PENINSULA CORPORATE INNOVATION, S.L.U.;Peninsula;204.000,00 €;03/02/2021;Barcelona;Cataluña;;http://www.peninsulaboynton.com;Bienes inmobiliarios;2-10 empleados;Boynton Beach, Florida;Empresa pública;;;;;501.0;
CODED PEOPLE, S.L.;Coded People;110.000,00 €;03/02/2021;Barcelona;Cataluña;B67147975;http://codedpeople.com;E-learning;2-10 empleados;Terrassa, Cataluña / Catalunya;De financiación privada;CALLE MARE DE DEU DE LA LLUM, 7 BAJOS.  08222, TERRASSA, BARCELONA    ;3 años, 2 meses y 22 dias;6201  Actividades de programación informática;7372 Programación de ordenadores y software;501.0;
BARNIZADOS INDUSTRIALES, S.A.;BARINSA;300.000,00 €;01/02/2021;Tarragona;Cataluña;A43098383;https://www.barinsa.es/;Imprenta;51-200 empleados;Santa Bárbara, Tarragona;De financiación privada;CAMI DELS FRARES, S/N.  43570, SANTA BARBARA, TARRAGONA    ;33 años, 5 meses y 3 dias;3109  Fabricación de otros muebles;;;
MY STAGE MANAGER, S.L.;My Stage Manager;45.000,00 €;28/01/2021;Barcelona;Cataluña;B67487249;;;;;;CALLE ROSSELLO, 77.  08029, BARCELONA, BARCELONA    ;1 año, 7 meses y 6 dias;7990  Otros servicios de reservas y actividades relacionadas con los mismos;4722 Agencias de viajes;501.0;
WIN LIFE ELECTRIC VEHICLES, S.L.;Win Life;210.000,00 €;28/01/2021;Barcelona;Cataluña;B67486639;http://www.winlife.com.au;Construcción;2-10 empleados;Santa Bárbara, Tarragona;De financiación privada;CALLE VALLESPIR, 22.  08970, SANT JOAN DESPI, BARCELONA    ;1 año, 8 meses y 5 dias;2910  Fabricación de vehículos de motor;3799 EQUIPO DE TRANSPORTE SC;501.0;
VS INGENIERÍA DE SOFTWARE EMPRESARIAL, S.L.;GRUPO VS;118.000,00 €;27/01/2021;Valencia/València;Comunitat Valenciana;;;;;;;;;;;501.0;
YOLEO EDUTAINMENT, S.L.;YOLEO;58.000,00 €;27/01/2021;Barcelona;Cataluña;B66011040;http://www.winlife.com.au;Bienes inmobiliarios;2-10 empleados;Poitiers, Nouvelleaquitaine;De financiación privada;C/ SANT JOAN DE LA SALLE, 37.  08022, BARCELONA, BARCELONA    ;8 años y 14 dias;6209  Otros servicios relacionados con las tecnologías de la información y la informática;7379 Servicios relacionados con computación SC;501.0;
KNOWLEDGEFY TECHNOLOGIES, S.L.;KNOWLEDGEFY;208.000,00 €;26/01/2021;Málaga;Andalucía;B93457547;;;;;;B93457547;5 años, 2 meses y 11 dias;7219 Otra investigación y desarrollo experimental en ciencias naturales y técnicas;7391 Laboratorios de investigación y desarrollo;;
BLOOMING EXPERIENCE, S.L.;Blooming;727.000,00 €;26/01/2021;Valencia/València;Comunitat Valenciana;B66823287;http://www.winlife.com.au;Agricultura;11-50 empleados;Aalsmeer, Holanda Septentrional;De financiación privada;C/ BOTIGUERS, 3 2B - P.E. EMPRESARIAL TACTICA.  46980, PATERNA, VALENCIA    ;4 años, 9 meses y 1 dia;4622  Comercio al por mayor de flores y plantas;5199 PRODUCTOS DIVERSOS PERECEDEROS SC;501.0;
NOGEBUS, S.L.;NOGEBUS;275.000,00 €;25/01/2021;Girona;Cataluña;B55168439;https://www.nogebus.com/es;Automación industrial;11-50 empleados;Arbúcies, Girona;De financiación privada;CARRETERA SANT HILARI, KM 3,00.  17401, ARBUCIES, GIRONA    ;7 años, 11 meses y 19 dias;" 2920  Fabricación de carrocerías para vehículos de motor; fabricación de remolques y semirremolques";3711 Automóviles y carrocerías para vehículos de turismo;17.0;
WOLO REALTECH, S.L.;WOLORENT;195.000,00 €;25/01/2021;Barcelona;Cataluña;B67436600;https://wolorent.com/;Internet;2-10 empleados;Barcelona, Barcelona;De financiación privada;PLAZA PAU VILA, 1 PIER 01, OFICINA 2 A 2.  08003, BARCELONA, BARCELONA    ;1 año, 10 meses y 30 dias;6209  Otros servicios relacionados con las tecnologías de la información y la informática;7379 Servicios relacionados con computación SC;8.0;
IGLUCO TECH, S.L.;SleepControl;180.000,00 €;22/01/2021;Sevilla;Andalucía;;;;;;;;;;;10.0;
YUKAR DIGITAL, S.L.;Cleer;180.000,00 €;22/01/2021;Barcelona;Cataluña;B67559740;;;;;;PLAZA PAU VILA, 1 1 PLANTA, SECTOR AD , OFICINA 1A.  08003, BARCELONA, BARCELONA    ;1 año, 3 meses y 23 dias;6202  Actividades de consultoría informática;7379 Servicios relacionados con computación SC;501.0;4.0
SMARTFINCAS, S.L.;Smartfincas;75.000,00 €;22/01/2021;Barcelona;Cataluña;B67373498;http://www.smartfincas.com;Bienes inmobiliarios;2-10 empleados;Barcelona, Cataluña / Catalunya;De financiación privada;CALLE MESTRE VILARRUBLA, 4 2 PTA.2.  08757, CORBERA DE LLOBREGAT, BARCELONA    ;2 años, 2 meses y 12 dias;6832  Gestión y administración de la propiedad inmobiliaria;6531 Agencias inmobiliarias, administradores de fincas;66.0;1.0
ORDATIC, S.L.;ORDATIC;100.000,00 €;22/01/2021;Valencia/València;Comunitat Valenciana;B40573883;https://ordatic.com;Software;11-50 empleados;Valencia, Valencia;De financiación privada;CALLE ROGER LLORIA, 28 2. 46002, VALENCIA, VALENCIA;2 años y 13 dias;6209 Otros servicios relacionados con las tecnologías de la información y la informática;7379 Servicios relacionados con computación SC;20.0;
GAYCON FISCAL, S.L.;GAYCON;300.000,00 €;22/01/2021;Madrid;Madrid, Comunidad de;B84177351;;;;;;CALLE VELAZQUEZ, 53 2º IZQUIERDA.  28001, MADRID, MADRID    ;16 años, 3 meses y 2 dias;7490  Otras actividades profesionales, científicas y técnicas n.c.o.p.;8999 Servicios sc;139.0;
IDENCITV ASESORIA DE CIUDADES, S.L.;IDENCITY;224.000,00 €;20/01/2021;Barcelona;Cataluña;;http://www.idencityconsulting.com;Consultoría de estrategia y operaciones;11-50 empleados;Barcelona, Barcelona;Empresa individual;;;;;109.0;
MIMOTO PARKING, S.L.;MIMOTO PARKING;125.000,00 €;20/01/2021;Madrid;Madrid, Comunidad de;B42588103;http://mimotoparking.com/;Servicios públicos;2-10 empleados;Alicante/Alacant, Comunidad Valenciana / Comunitat Valenciana;De financiación privada;AVENIDA ESPAÑA, 41 3 D.  28220, MAJADAHONDA, MADRID    ;2 años, 9 meses y 5 dias;5221  Actividades anexas al transporte terrestre;4789 OTROS SERVICIOS ANEXOS PARA EL TRANSPORTE SC;68.0;
ZANKYOU VENTURES, S.L.;Zankyou Weddings;300.000,00 €;19/01/2021;Madrid;Madrid, Comunidad de;B85337053;;;;;;CAMINO FUENTE DE LA MORA, 9 2º A.  28050, MADRID, MADRID    ;13 años, 2 meses y 12 dias;6202  Actividades de consultoría informática;7379 Servicios relacionados con computación SC;40.0;
GENIUS EMOBILITY SYSTEMS, S.L.;Mooevo;200.000,00 €;19/01/2021;Madrid;Madrid, Comunidad de;B88229968;;;;;;CALLE ENRIQUE LARRETA, 5.  28036, MADRID, MADRID    ;2 años, 5 meses y 8 dias;2711  Fabricación de motores, generadores y transformadores eléctricos;3612 TRANSFORMADORES, DISTRIBUIDORES EXCEPTO PORTATILES;49.0;
CHATARRAS Y METALES JUMILLA, S.L.U.;CHATARRAS JUMILLA;120.000,00 €;19/01/2021;Murcia;Murcia, Región de;;;;;;;;;;;;
IOMED MEDICAL SOLUTIONS, S.L.;IOMED;200.000,00 €;19/01/2021;Barcelona;Cataluña;B66774969;https://iomed.es/;Software;11-50 empleados;Barcelona, Cataluña / Catalunya;De financiación privada;CALLE SANT ANTONI MARIA CLARET, 167 PABELLON S. MANEL.  08041, BARCELONA, BARCELONA   ;4 años, 11 meses y 1 dia;6209  Otros servicios relacionados con las tecnologías de la información y la informática;7379 Servicios relacionados con computación SC;149.0;4.0
PREMIUMGUEST, S.L.;Premium Guest;84.000,00 €;18/01/2021;Barcelona;Cataluña;B67131839;https://www.premiumguest.com;Servicios y tecnologías de la información;11-50 empleados;Barcelona, Barcelona;De financiación privada;PAS. DE LA MONTAÑA, 6 ESC.A P.3 PTA.1.  08860, CASTELLDEFELS, BARCELONA   ;3 años, 3 meses y 3 dias;6201  Actividades de programación informática;7372 Programación de ordenadores y software;478.0;
MOONSHOT INNOVATION, S.L.;Moonshot;85.000,00 €;18/01/2021;Madrid;Madrid, Comunidad de;B87902573;http://www.moonshotmusic.com;Música;0-1 empleados;Barcelona, Barcelona;Empresa pública;C/ PONIENTE, 33.  28223, POZUELO DE ALARCON, MADRID    ;3 años, 7 meses y 10 dias;6311  Proceso de datos, hosting y actividades relacionadas;7374 Proceso de datos y centros de cálculo;501.0;
ADJUSTICA ROBOTICS, S.L.U.;Ntente;44.000,00 €;15/01/2021;Pontevedra;Galicia;;;;;;;;;;;338.0;1.0
BIO UNICORN, S.L.;Aldous Bio;162.000,00 €;14/01/2021;Cuenca;Castilla - La Mancha;B16340218;;;;;;CALLE LA OLIVA, 37.  16431, ALMONACID DEL MARQUESADO, CUENCA    ;2 años, 8 meses y 28 dias;4711  Comercio al por menor en establecimientos no especializados, con predominio en productos alimenticios, bebidas y tabaco;5999 DETALLISTAS DIVERSOS SC;55.0;4.0
PROTECHTEDBAGS, S.L.;Bag on Board;500.000,00 €;07/01/2021;Madrid;Madrid, Comunidad de;B87729349;https://bob.io/;Internet;11-50 empleados;Barcelona, Barcelona;De financiación privada;CALLE SERRANO ANGUITA, 13.  28004, MADRID, MADRID    ;4 años, 2 meses y 27 dias;4941  Transporte de mercancías por carretera;4213 Transporte por carretera;501.0;
AFEEDME, S.L.;AFEEDME;152.000,00 €;07/01/2021;Huelva;Andalucía;B21601729;https://afeedme.com/;Software;2-10 empleados;Barcelona, Barcelona;De financiación privada;CALLE NIEBLA, 40 2.  21730, ALMONTE, HUELVA    ;2 años y 7 dias;4611  Intermediarios del comercio de materias primas agrarias, animales vivos, materias primas textiles y productos semielaborados;5154 Ganado;1.0;
ESTO ES COMER, S.L.;ESTO ES, COMER COMER;138.000,00 €;23/12/2020;Madrid;Madrid, Comunidad de;B88549449;;;;;;AVENIDA EUROPA, 4 PORTAL 2 - 1º A.  28224, POZUELO DE ALARCON, MADRID    ;1 año, 3 meses y 27 dias;1089  Elaboración de otros productos alimenticios n.c.o.p.;2099 Preparados alimenticios sc;501.0;
TWELVE OAKS PICTURES SL (ANTERIOR FRIKI FILMS), S.L.;TWELVE OAKS PICTURES;145.000,00 €;22/12/2020;Barcelona;Cataluña;;;;;;;;;;;98.0;
TUCUVI CARE, S.L.;Tucuvi;130.000,00 €;22/12/2020;Madrid;Madrid, Comunidad de;B95969705;https://tucuvi.com/;Software;2-10 empleados;Madrid, Comunidad de Madrid;De financiación privada;CALLE HERMOSILLA, 48 1º-D.  28001, MADRID, MADRID    ;1 año, 7 meses y 7 dias;6201  Actividades de programación informática;7372 Programación de ordenadores y software;11.0;
EMPLOYEES ASSISTANCE PROGRAMMMES IBERIA, S.L.;Yees;50.000,00 €;22/12/2020;Madrid;Madrid, Comunidad de;;http://www.yees.es;Recursos humanos;11-50 empleados;Madrid, Community of Madrid;De financiación privada;;;;;501.0;1.0
BYLD STARTUPS, S.L.;SONAR CORPORATE BUILDING;137.000,00 €;22/12/2020;Madrid;Madrid, Comunidad de;B87817904;;;;;;CALLE VALDERRIBAS, 59 3º 1.  28007, MADRID, MADRID    ;3 años, 11 meses y 11 dias;7022  Otras actividades de consultoría de gestión empresarial;7399 SERVICIOS COMERCIALES SC;;
BIO FRUIT FARMERS, S.L.;BIOFRUIT;210.000,00 €;22/12/2020;Asturias;Asturias, Principado de;B71380067;https://www.bioexport.pe;Agricultura;501-1000 empleados;Miraflores, Lima;De financiación privada;POLIGONO INDUSTRIAL DE CARRALES -, 12.  33344, CARAVIA, ASTURIAS   ;1 año, 9 meses y 3 dias;4631  Comercio al por mayor de frutas y hortalizas;5148 Frutas frescas y verduras;7.0;
SERVICIOS LOGÍSTICOS WANATRUCK, S.L.;Wanatruck;144.000,00 €;22/12/2020;Madrid;Madrid, Comunidad de;;http://wanatruck.com;Servicios y tecnologías de la información;2-10 empleados;Madrid, Madrid;De financiación privada;;;;;10.0;
B. CERO CONGELADOS 2011, S.L.;BAJO CERO;270.000,00 €;22/12/2020;Balears, Illes;Balears, Illes;B57945180;http://www.mexicobajocero.com;Construcción;11-50 empleados;Venustiano Carranza, Nuevo León;Asociación;;5 años, 3 meses y 8 dias;4639 Comercio al por mayor, no especializado, de productos alimenticios, bebidas y tabaco;5149 COMESTIBLES Y PRODUCTOS RELACIONADOS SC;501.0;
VALQUIETA, S.L.;LE ROOM SERVICE;300.000,00 €;22/12/2020;Sevilla;Andalucía;B90332479;;;;;;C/ LUIS MONTOTO, 50.  41018, SEVILLA, SEVILLA    ;3 años, 9 meses y 2 dias;5629  Otros servicios de comidas;5812 Restaurantes;333.0;
NORA REAL FOOD, S.L.;NORA REAL FOOD;240.000,00 €;19/12/2020;Barcelona;Cataluña;;;;;;;;;;;10.0;
INSECTFIT, S.L.;InsectFit;123.000,00 €;19/12/2020;Valencia/València;Comunitat Valenciana;B98961246;http://www.trillions.es;Alimentación y bebidas;2-10 empleados;Aldaia, Valencia;De financiación privada;CALLE POLIGONO, 1.  46960, ALDAIA, VALENCIA    ;3 años, 3 meses y 4 dias;4638  Comercio al por mayor de pescados, mariscos y otros productos alimenticios;5146 Pescados y mariscos;1.0;
ACCURE THERAPEUTICS, S.L.;IPROTEOS;200.000,00 €;06/06/2017;Barcelona;Cataluña;B67623421;http://www.iproteos.com;Biotecnología;2-10 empleados;Aldaia, Valencia;De financiación privada;CALLE BALDIRI REIXAC, 4 8, ED. TORRE I, P. 5. B7.  08028, BARCELONA, BARCELONA    ;10 meses y 20 dias;6612  Actividades de intermediación en operaciones con valores y otros activos;6111 Financieras en general;1.0;
DONEXT DIGITAL SOLUTIONS, S.L.;DONEXT;73.000,00 €;04/02/2021;Madrid;Madrid, Comunidad de;B88410634;;;;;;CALLE MANUEL GUTIERREZ MELLADO, 45 9º B.  28055, MADRID, MADRID   ;1 año, 10 meses y 3 dias;6202  Actividades de consultoría informática;7379 Servicios relacionados con computación SC;21.0;
KIPLOC EUROPE, S.L.;KIPLOC;128.000,00 €;03/02/2021;Barcelona;Cataluña;B67549873;https://www.kiploc.com;Electrónica de consumo;2-10 empleados;Sabadell, Cataluña / Catalunya;Empresa individual;RAMBLA IBERIA, 97.  08205, SABADELL, BARCELONA    ;1 año, 4 meses y 5 dias;412   Construcción de edificios;1542 CONTRATISTAS GENERALES SC;;
INGENIERIA SOCIAL, S.A.L.;INGENIERIA SOCIAL;125.000,00 €;29/01/2021;Barcelona;Cataluña;A64842800;;;;;;C/ VALENCIA, 227 P.2 PTA.1.  08007, BARCELONA, BARCELONA    ;13 años y 2 dias;7490  Otras actividades profesionales, científicas y técnicas n.c.o.p.;8999 Servicios sc;501.0;
DAWAKO MEDTECH, S.L.;DAWAKO;225.000,00 €;28/01/2021;Valencia/València;Comunitat Valenciana;B40514416;http://www.dawako.es;Servicios médicos;2-10 empleados;Paterna, Valencia;De financiación privada;C/ CATEDRATICO AGUSTIN ESCANDINO, 9 - PARC CIENTIFI.  46980, PATERNA, VALENCIA    ;2 años, 8 meses y 24 dias;2660  Fabricación de equipos de radiación, electromédicos y electroterapéuticos;;419.0;
IRONCHIP TELCO, S.L.;IRONCHIP TELCO;200.000,00 €;27/01/2021;Bizkaia;País Vasco;B95880332;;;;;;C/ ESPRONCEDA, 4 LONJA.  48902, BARAKALDO, VIZCAYA   ;3 años, 11 meses y 20 dias;6201  Actividades de programación informática;7372 Programación de ordenadores y software;16.0;
LA SIESTA TECHNOLOGIES, S.L.U.;La Siesta;30.000,00 €;26/01/2021;Alicante/Alacant;Comunitat Valenciana;;;;;;;;;;;501.0;
QUICKJUICE, S.L.;Quickjuice;180.000,00 €;22/01/2021;Valencia/València;Comunitat Valenciana;B16572521;;;;;;CALLE CASTILLO DE BENISANO, 13 IZ.  46018, VALENCIA, VALENCIA    ;3 años y 8 dias;1039  Otro procesado y conservación de frutas y hortalizas;2033 Conservas de frutas y vegetales, mermeladas y zumos;;
TRATAMIENTO SUPERFICIAL ROBOTIZADO, S.L.;TSR Wind;240.000,00 €;19/01/2021;Madrid;Madrid, Comunidad de;B85478311;;;;;;C/ VELAZQUEZ, 108 -110 7&.  28006, MADRID, MADRID    ;12 años, 9 meses y 12 dias;7112  Servicios técnicos de ingeniería y otras actividades relacionadas con el asesoramiento técnico;8911 Oficinas técnicas de ingeniería y arquitectura;19.0;
FASTBASE SOLUTIONS, S.L.;FASTBASE;150.000,00 €;19/01/2021;Bizkaia;País Vasco;B95827903;;;;;;C/ ASTONDO BIDEA -, PARQUE TECNOLOGICO DE BIZKAIA.  48160, DERIO, VIZCAYA   ;5 años, 4 meses y 15 dias;8030  Actividades de investigación;7393 Servicios de seguridad, detectives;45.0;
3ANTS DEVELOPMENT AND STRATEGIES, S.L.;Smart Protection;705.000,00 €;18/01/2021;Madrid;Madrid, Comunidad de;;;;;;;;;;;501.0;2.0
MICO GREEN TECHNOLOGY, S.L.;Micocar;181.000,00 €;07/01/2021;Madrid;Madrid, Comunidad de;B87007605;http://www.micocar.com;Servicios y tecnologías de la información;2-10 empleados;Madrid, Madrid;De financiación privada;C/ AZCONA, 36 - BAJO.  28028, MADRID, MADRID    ;6 años, 11 meses y 3 dias;6201  Actividades de programación informática;7372 Programación de ordenadores y software;1.0;
VYTRUS BIOTECH, S.A.;PHYTURE BIOTECH;100.000,00 €;22/03/2018;Barcelona;Cataluña;B65118531;;;;;;C/ SANT GAIETA, 121 P.2.  08221, TERRASSA, BARCELONA    ;11 años, 10 meses y 5 dias;7219  Otra investigación y desarrollo experimental en ciencias naturales y técnicas;7391 Laboratorios de investigación y desarrollo;;
TROMBOLOTE COMPANY, S.L.;BASICO FOODS;61.000,00 €;17/12/2020;Madrid;Madrid, Comunidad de;B88414099;;;;;;CALLE ALMAGRO, 11 6 º.  28010, MADRID, MADRID    ;1 año, 9 meses y 28 dias;463   Comercio al por mayor de productos alimenticios, bebidas y tabaco;5141 Comestibles en general;58.0;
PANDA MOTOS, S.L.;PANDA BIKES;67.000,00 €;17/12/2020;Madrid;Madrid, Comunidad de;B88562459;http://www.pandabikes.es;Sector automovilístico;2-10 empleados;Barcelona, Barcelona;Asociación;CALLE ESPRONCEDA, 39 BAJO IZQUIERDA.  28003, MADRID, MADRID   ;1 año, 3 meses y 1 dia;7711  Alquiler de automóviles y vehículos de motor ligeros;7512 Alquiler de automóviles de turismo sin conductor;56.0;
EARTHFUTURE SOLUTIONS, S.L.;HOBEEN;62.000,00 €;16/12/2020;Araba/Álava;País Vasco;B01579788;https://www.hobeen.com;Electrónica de consumo;2-10 empleados;Vitoria, Álava;Empresa individual;CALLE SAN PRUDENCIO, 6 2 º.-.  01005, VITORIA-GASTEIZ, ALAVA    ;1 año, 9 meses y 7 dias;6209  Otros servicios relacionados con las tecnologías de la información y la informática;7379 Servicios relacionados con computación SC;132.0;
DELICIOUS KITCHEN, S.L.U.;Delicious Kitchen Incubator;67.000,00 €;16/12/2020;Madrid;Madrid, Comunidad de;;;;;;;;;;;;
ULTIMATE GAMERS, S.L.;Ultimate Gamers;68.000,00 €;15/12/2020;Barcelona;Cataluña;B67620088;;;;;;CALLE NAPOLS, 338 340, ESC. DERECHA SA- 2.  08025, BARCELONA, BARCELONA    ;11 meses y 9 dias;6201  Actividades de programación informática;7372 Programación de ordenadores y software;501.0;
PROFES EN APUROS, S.L.;Dos profes en apuros;63.000,00 €;15/12/2020;Barcelona;Cataluña;B67597468;;;;;;AVENIDA OLOF PALME, 10 BJ.  08840, VILADECANS, BARCELONA    ;1 año, 1 mes y 18 dias;4791  Comercio al por menor por correspondencia o Internet;7399 SERVICIOS COMERCIALES SC;2.0;
PENTACREDIT MARKETING, S.L.;Pentacredit;50.000,00 €;11/12/2020;Valencia/València;Comunitat Valenciana;B40608846;;;;;;AVENIDA OEST, 27 ENT 2A.  46001, VALENCIA, VALENCIA    ;1 año, 7 meses y 3 dias;6209  Otros servicios relacionados con las tecnologías de la información y la informática;7379 Servicios relacionados con computación SC;;
SINGULARITY BIOMED, S.L.;Singularity Biomed;51.000,00 €;11/12/2020;Barcelona;Cataluña;B67399923;;;;;;AVENIDA VIA AUGUSTA, 15 25.  08174, SANT CUGAT DEL VALLES, BARCELONA    ;2 años y 23 dias;7219  Otra investigación y desarrollo experimental en ciencias naturales y técnicas;7391 Laboratorios de investigación y desarrollo;1.0;
JACAR ENGLISH, S.L.;Great Little People;67.000,00 €;10/12/2020;Madrid;Madrid, Comunidad de;B88039169;;;;;;AV/ MENENDEZ PELAYO, 63 4ª C.  28009, MADRID, MADRID    ;3 años, 1 mes y 17 dias;8560  Actividades auxiliares a la educación;;501.0;1.0
PROTE CORP, S.L.;PROTE;68.000,00 €;10/12/2020;Madrid;Madrid, Comunidad de;B88470224;http://www.prote.pro;Alimentación y bebidas;2-10 empleados;Madrid, Madrid;De financiación privada;CALLE JOSE ORTEGA Y GASSET, 89 3º DCHA - INTERIOR 1.  28006, MADRID, MADRID    ;1 año, 6 meses y 1 dia;4619  Intermediarios del comercio de productos diversos;5099 MERCANCIAS VARIAS NO PERECEDERAS SC;501.0;
PARENTING ONLINE, S.L.;AMA CLINICS;68.000,00 €;10/12/2020;Madrid;Madrid, Comunidad de;B88596283;https://amaclinics.com;E-learning;11-50 empleados;Madrid, Madrid;De financiación privada;CALLE GIL IMON, 5 PORTAL 3B PISO 4B.  28005, MADRID, MADRID    ;1 año, 1 mes y 23 dias;8621  Actividades de medicina general;;72.0;
INVIERTIS PROPERTIES, S.L.;INVIERTIS;62.000,00 €;10/12/2020;Barcelona;Cataluña;B67357137;https://www.inviertis.es;Bienes inmobiliarios;2-10 empleados;mataro, barcelona;De financiación privada;AVENIDA D' ERNEST LLUCH, 32.  08302, MATARO, BARCELONA    ;2 años, 2 meses y 6 dias;6831  Agentes de la propiedad inmobiliaria;6531 Agencias inmobiliarias, administradores de fincas;128.0;
NEXT GEN CAPITAL, S.L.;NEXT GEN;45.000,00 €;04/12/2020;Madrid;Madrid, Comunidad de;B88569025;http://nextgenwebmedia.com/;Internet;11-50 empleados;mataro, barcelona;De financiación privada;CALLE FERNANDEZ CARO, 48 1 B - PUERTA B, PLANTA 1.  28027, MADRID, MADRID    ;1 año, 1 mes y 8 dias;9329  Otras actividades recreativas y de entretenimiento;7999 SERVICIOS DE DIVERSION Y RECREATIVOS SC;501.0;
FOOD STORIES, S.L.;FOOD STORIES;67.000,00 €;04/12/2020;Madrid;Madrid, Comunidad de;B88466461;http://www.foodstories.it;Alimentación y bebidas;2-10 empleados;mataro, barcelona;De financiación privada;CALLE JAVIER FERRERO, 10.  28002, MADRID, MADRID    ;1 año, 6 meses y 24 dias;4711  Comercio al por menor en establecimientos no especializados, con predominio en productos alimenticios, bebidas y tabaco;5999 DETALLISTAS DIVERSOS SC;501.0;1.0
HEDYLA TECHNOLOGIES, S.L.;HEDYLA;33.000,00 €;02/12/2020;Barcelona;Cataluña;B67447458;https://hedyla.com;Software;2-10 empleados;Barcelona, Barcelona;De financiación privada;AVENIDA SEGLE XXI, 31 4 PTA.1.  08840, VILADECANS, BARCELONA    ;1 año, 10 meses y 9 dias;6201  Actividades de programación informática;7372 Programación de ordenadores y software;10.0;
SYRA COFFEE, S.L.;Syra Coffee;70.000,00 €;30/11/2020;Barcelona;Cataluña;B67406223;;;;;;CALLE MARE DEU DELS DESEMPARATS, 14 BJ.  08012, BARCELONA, BARCELONA    ;2 años y 18 dias;5630  Establecimientos de bebidas;5813 BARES Y CAFETERÍAS;30.0;
LA CAFE ORIGINAL, S.L.;LA CAFE ORIGINAL;64.000,00 €;27/11/2020;Barcelona;Cataluña;B01598515;;;;;;CALLE SANTA ANNA, 5 2 PTA.1.  08401, GRANOLLERS, BARCELONA    ;10 meses;4631  Comercio al por mayor de frutas y hortalizas;5148 Frutas frescas y verduras;461.0;
GLAMPING LA DEHESA, S.L.;Glamping La Dehesa;60.000,00 €;24/11/2020;Córdoba;Andalucía;B56107774;;;;;;CALLE ALHONDIGA, 10.  14430, ADAMUZ, CORDOBA    ;2 años, 2 meses y 12 dias;5530  Campings y aparcamientos para caravanas;7033 Campings y parques de autocaravanas;;
ODISEI MUSIC, S.L.;TRAVEL SAX;32.000,00 €;24/11/2020;Barcelona;Cataluña;B67566026;;;;;;CALLE DOCTOR MURILLO, 10.  08172, SANT CUGAT DEL VALLES, BARCELONA   ;1 año, 3 meses y 9 dias;3299  Otras industrias manufactureras n.c.o.p.;3999 FABRICANTES DIVERSOS SC;89.0;
PORTER DELIVERY & MOVING, S.L.;PORTER;67.000,00 €;19/11/2020;Madrid;Madrid, Comunidad de;;http://www.porteradvertising.cl;Marketing y publicidad;11-50 empleados;Santiago, Región Matropolitana;De financiación privada;;;;;501.0;
ICOMMUNITY LABS & TECH, S.L.;iCommunity Labs;68.000,00 €;17/11/2020;Madrid;Madrid, Comunidad de;;;;;;;;;;;14.0;
COMOVITA EUROPE, S.L.;Comovita;48.000,00 €;16/11/2020;Barcelona;Cataluña;B67589150;http://www.porteradvertising.cl;Marketing y publicidad;11-50 empleados;Santiago, Región Matropolitana;De financiación privada;AVENIDA DIAGONAL, 405 2PLTA.  08008, BARCELONA, BARCELONA   ;1 año, 2 meses y 5 dias;13    Industria textil;2299 Productos textiles sc;2.0;
SERVIPYME NEWTECH, S.L.;Servipyme;62.000,00 €;16/11/2020;Valencia/València;Comunitat Valenciana;B40653081;;;;;;CALLE DE LA PAU, 23 3.  46003, VALENCIA, VALENCIA   ;1 año, 1 mes y 4 dias;6312  Portales web;7399 SERVICIOS COMERCIALES SC;;
PULPO SOFTWARE, S.L.;Pulpo;67.000,00 €;12/11/2020;Valencia/València;Comunitat Valenciana;B40631079;https://pulpomarketing.com;Marketing y publicidad;0-1 empleados;Telde, Las Palmas;Empresa individual;AVENIDA GENERAL AVILES, 46 ESC. BJ IZ.  46015, VALENCIA, VALENCIA    ;1 año, 3 meses y 27 dias;6209  Otros servicios relacionados con las tecnologías de la información y la informática;7379 Servicios relacionados con computación SC;501.0;
ENJOY TECH, S.L.;Enjoyers;69.000,00 €;11/11/2020;Cáceres;Extremadura;B10492536;;;;;;C/ BARRIONUEVO, 24.  10430, CUACOS DE YUSTE, CACERES   ;2 años, 8 meses y 27 dias;6209  Otros servicios relacionados con las tecnologías de la información y la informática;7379 Servicios relacionados con computación SC;501.0;
STREAMION, S.L.;Streamion;68.000,00 €;30/10/2020;Valencia/València;Comunitat Valenciana;B40617276;http://streamion.io;Marketing y publicidad;2-10 empleados;Valencia, Valencia;De financiación privada;CALLE JOAQUIM BENLLOCH, 85 ESC. B 27.  46026, VALENCIA, VALENCIA    ;1 año, 5 meses y 29 dias;7311  Agencias de publicidad;5999 DETALLISTAS DIVERSOS SC;136.0;
MEETOPTICS LABS, S.L.;MEETOPTICS;68.000,00 €;30/10/2020;Barcelona;Cataluña;B67427294;https://www.meetoptics.com;Investigación;2-10 empleados;Barcelona, Barcelona;Asociación;AVENIDA CARRILET, 336 3 PTA.1.  08907, HOSPITALET DE LLOBREGAT (L'), BARCELONA    ;1 año, 11 meses y 7 dias;4669  Comercio al por mayor de otra maquinaria y equipo;5084 Maquinaria y equipo industrial;61.0;1.0
BUMERANG TAKEAWAY, S.L.;YOU BUMERANG;68.000,00 €;23/10/2020;Barcelona;Cataluña;B67587451;;;;;;CALLE DEU I MATA, 96 5 PTA.4.  08029, BARCELONA, BARCELONA    ;1 año, 2 meses y 4 dias;8299  Otras actividades de apoyo a las empresas n.c.o.p.;8999 Servicios sc;165.0;
MASENTI ESPACIO NATURAL, S.L.;Masentí;67.000,00 €;22/10/2020;Barcelona;Cataluña;B67208017;;;;;;CALLE GRAN DE GRACIA, 9.  08012, BARCELONA, BARCELONA    ;2 años, 11 meses y 16 dias;9609  Otros servicios personales n.c.o.p.;7299 Servicios personales diversos sc;37.0;
BUZOME, S.L.;BUZOME;68.000,00 €;21/10/2020;Madrid;Madrid, Comunidad de;B88605555;https://buzome.com;Envío de paquetes y carga;2-10 empleados;Madrid, Comunità di Madrid;Asociación;CALLE MORENO NIETO, 2.  28005, MADRID, MADRID   ;1 año, 1 mes y 17 dias;4719  Otro comercio al por menor en establecimientos no especializados;5311 GRANDES ALMACENES;;
IMPERIA SCM CONSULTING, S.L.;Imperia SCM;30.000,00 €;19/10/2020;Valencia/València;Comunitat Valenciana;B40554891;;;;;;MUELL DE LA ADUANA - EDIFICIO LANZADERA, .  46004, VALENCIA, VALENCIA   ;2 años, 2 meses y 24 dias;7022  Otras actividades de consultoría de gestión empresarial;7399 SERVICIOS COMERCIALES SC;2.0;
EDUCADVISOR, S.L.;micole;67.000,00 €;15/10/2020;Madrid;Madrid, Comunidad de;B88552732;https://www.micole.net;Internet;2-10 empleados;Madrid, Comunità di Madrid;De financiación privada;CALLE JOAQUIN COSTA, 39 1.  28002, MADRID, MADRID    ;1 año, 3 meses y 3 dias;7311  Agencias de publicidad;5999 DETALLISTAS DIVERSOS SC;501.0;1.0
3DIGITAL FACTORY LEAN SOLUTIONS, S.L.;3DIGITAL FACTORY;68.000,00 €;13/10/2020;Barcelona;Cataluña;B67513168;https://3digitalfactory.com/;Plásticos;2-10 empleados;Barcelona, Barcelona;De financiación privada;CALLE SANT PERE D'ULLASTRE, 3 PTA. A.  08211, CASTELLAR DEL VALLES, BARCELONA    ;1 año, 6 meses y 2 dias;3299  Otras industrias manufactureras n.c.o.p.;3999 FABRICANTES DIVERSOS SC;;
COCO POSITIVO, S.L.;El Coco;67.000,00 €;13/10/2020;Barcelona;Cataluña;B67411926;;;;;;CALLE RIERA DE SANT MIQUEL, 3.  08006, BARCELONA, BARCELONA    ;2 años y 8 dias;8559  Otra educación n.c.o.p.;8299 Escuelas y servicios educativos sc;501.0;
SHAKERS GLOBAL SOLUTIONS, S.L.;SHAKERS;68.000,00 €;08/10/2020;Madrid;Madrid, Comunidad de;B88235130;https://3digitalfactory.com/;Plásticos;2-10 empleados;Owensboro, Kentucky;De financiación privada;CALLE EDISON, 3.  28006, MADRID, MADRID    ;2 años, 5 meses y 2 dias;6201  Actividades de programación informática;7372 Programación de ordenadores y software;501.0;
RHINO ELECTRIC MOTORS, S.L.;Velca;68.000,00 €;08/10/2020;Madrid;Madrid, Comunidad de;B88517784;http://www.velca.co.nz;Sanidad, bienestar y ejercicio;11-50 empleados;Owensboro, Kentucky;De financiación privada;CALLE PIAMONTE, 23.  28004, MADRID, MADRID    ;1 año, 4 meses y 29 dias;4511  Venta de automóviles y vehículos de motor ligeros;5012 Automóviles y otros vehículos de motor;501.0;
STUDENT BUDGET, S.L.;Student Guru;67.000,00 €;08/10/2020;Madrid;Madrid, Comunidad de;B88325311;https://www.studentguru.com.au;Internet;2-10 empleados;Sydney, NSW;De financiación privada;CALLE ESPARTEROS, 10 2 º.  28012, MADRID, MADRID    ;2 años, 1 mes y 8 dias;9329  Otras actividades recreativas y de entretenimiento;7999 SERVICIOS DE DIVERSION Y RECREATIVOS SC;501.0;
PIXIWORLD, S.L.;PIXITOUR;69.000,00 €;08/10/2020;Sevilla;Andalucía;B90432063;https://pixitour.com;Ocio, viajes y turismo;2-10 empleados;Seville, Andalusia;De financiación privada;PASAJE MAESTRO GAMEZ LASERNA, 2 2 B - C. P. 41. 004.  41004, SEVILLA, SEVILLA    ;1 año, 11 meses y 24 dias;7420  Actividades de fotografía;7221 Estudios fotográficos;1.0;
RED DE ASESORAMIENTO EMPRESARIAL ENZIMUM, S.L.U.;ENZIMUM;64.000,00 €;08/10/2020;Alicante/Alacant;Comunitat Valenciana;;http://www.enzimum.es;Servicios financieros;2-10 empleados;ALICANTE, ALICANTE;De financiación privada;;;;;;
PATRONUM VENTURES, S.L.;PATRONUM;69.000,00 €;08/10/2020;Madrid;Madrid, Comunidad de;B88215876;https://www.facebook.com/mujpatron/;Gabinetes estratégicos;2-10 empleados;Praha, Praha;Organización sin ánimo de lucro;CALLE INFANTA MERCEDES, 73 ESC.3 BAJO D - ACCESO SAN F.  28020, MADRID, MADRID    ;2 años, 5 meses y 25 dias;6209  Otros servicios relacionados con las tecnologías de la información y la informática;7379 Servicios relacionados con computación SC;501.0;
BCOME CERTIFIED, S.L.;BCOME;68.000,00 €;06/10/2020;Barcelona;Cataluña;B67452730;http://www.bcome.be;Consultoría de estrategia y operaciones;2-10 empleados;Waterloo, Belgique;De financiación privada;PASAJE SANT BENET, 10 BJ.  08003, BARCELONA, BARCELONA    ;1 año, 10 meses y 3 dias;7112  Servicios técnicos de ingeniería y otras actividades relacionadas con el asesoramiento técnico;8911 Oficinas técnicas de ingeniería y arquitectura;501.0;1.0
BECRIT NUTRITION, S.L.;BECRIT;68.000,00 €;06/10/2020;Barcelona;Cataluña;B67512483;http://www.becrit.com;Alimentación y bebidas;2-10 empleados;BARCELONA, BARCELONA;De financiación privada;CALLE CAMI DE LABORS AGRICOLES, 60 BLOQUE C, 1 , 2.  08850, GAVA, BARCELONA   ;1 año, 6 meses y 2 dias;4639  Comercio al por mayor, no especializado, de productos alimenticios, bebidas y tabaco;5149 COMESTIBLES Y PRODUCTOS RELACIONADOS SC;22.0;
RECLAMADATOS, S.L.;Reclamadatos;67.000,00 €;22/09/2020;Barcelona;Cataluña;B67236026;https://www.reclamadatos.es;Internet;2-10 empleados;Barcelona, Cataluña / Catalunya;De financiación privada;C/ RD GENERAL MITRE NUM, 126 P.6.  08021, BARCELONA, BARCELONA   ;2 años, 9 meses y 27 dias;6311  Proceso de datos, hosting y actividades relacionadas;7374 Proceso de datos y centros de cálculo;208.0;
GRUPO TASFOR MARKETING Y PUBLICIDAD, S.L.U.;GRUPO TASFOR;40.000,00 €;22/09/2020;Sevilla;Andalucía;;;;;;;;;;;;
IBERBOX SECURE SERVICES, S.L.;IBERBOX;67.000,00 €;16/09/2020;Salamanca;Castilla y León;B37579919;https://www.iberbox.com/;Internet;2-10 empleados;Villamayor (Salamanca), Castilla y León;De financiación privada;CALLE RIO ADAJA, 10.  37185, VILLAMAYOR, SALAMANCA   ;1 año, 6 meses y 22 dias;6202  Actividades de consultoría informática;7379 Servicios relacionados con computación SC;17.0;
TARUGA CREACIONES, S.L.;TARUGA;65.000,00 €;15/09/2020;Murcia;Murcia, Región de;B05512132;;;;;;C/ CABO ROIG, 10.  30720, SAN JAVIER, MURCIA   ;2 años, 7 meses y 4 dias;9003  Creación artística y literaria;;501.0;
TEAPICAL COMPANY, S.L.;Teapical;68.000,00 €;15/09/2020;Barcelona;Cataluña;B67511279;;;;;;CALLE IRUN, 9.  08195, SANT CUGAT DEL VALLES, BARCELONA   ;1 año, 6 meses y 7 dias;1101  Destilación, rectificación y mezcla de bebidas alcohólicas;2085 Licores;16.0;
SMILE2IMPRESS, S.L.U.;Smile2Impress;210.000,00 €;18/12/2020;Barcelona;Cataluña;;http://smile2impress.com;Profesiones médicas;201-500 empleados;Barcelona, Catalonia;De financiación privada;;;;;2.0;
KELISTO IBERIA, S.L.;Kelisto;533.707,00 €;17/12/2020;Madrid;Madrid, Comunidad de;B86746161;http://www.kelisto.es;Internet;11-50 empleados;Madrid, Madrid;De financiación privada;CALLE JUAN HURTADO DE MENDOZA, 7 1 º.  28036, MADRID, MADRID    ;7 años, 10 meses y 21 dias;6399  Otros servicios de información n.c.o.p.;;90.0;
VOLAVA, S.L.;VOLAVA;300.000,00 €;17/12/2020;Barcelona;Cataluña;B67087718;http://www.volava.com;Deportes;11-50 empleados;Barcelona, Cataluña / Catalunya;De financiación privada;C/ SANT MARIUS, 51 P.BJ.  08022, BARCELONA, BARCELONA    ;3 años, 6 meses y 5 dias;9313  Actividades de los gimnasios;;501.0;1.0
NESPRA, S.L.;Nespra;150.000,00 €;17/12/2020;Castellón/Castelló;Comunitat Valenciana;B98796949;http://nespra.com;Internet;11-50 empleados;Barcelona, Cataluña / Catalunya;De financiación privada;RONDA CIRCUNVALACION, DE, 188 EDIFICIO CEEI.  12003, CASTELLON DE LA PLANA/CASTELLO DE LA PLANA, CASTELLON   ;5 años, 3 meses y 5 dias;7112  Servicios técnicos de ingeniería y otras actividades relacionadas con el asesoramiento técnico;8911 Oficinas técnicas de ingeniería y arquitectura;39.0;6.0
INDUSTRIES SOSTENIBLES KARIBOU, S.L.;Karibou;225.000,00 €;17/12/2020;Barcelona;Cataluña;B67498147;http://nespra.com;Internet;11-50 empleados;Barcelona, Cataluña / Catalunya;De financiación privada;CALLE BESOS, 1.  08197, SANT CUGAT DEL VALLES, BARCELONA    ;1 año, 7 meses y 3 dias;4676  Comercio al por mayor de otros productos semielaborados;5099 MERCANCIAS VARIAS NO PERECEDERAS SC;501.0;
